{"cameraMode":{"drawMode":0,"name":"Shaded","section":"Shading Mode"},"sceneLighting":true,"audioPlay":false,"sceneViewState":{"m_AlwaysRefresh":false,"showFog":true,"showSkybox":true,"showFlares":true,"showImageEffects":true,"showParticleSystems":true,"showVisualEffectGraphs":true,"m_FxEnabled":true},"in2DMode":false,"pivot":{"x":1542.4857177734375,"y":781.7649536132813,"z":45.84552001953125},"rotation":{"x":0.003000074066221714,"y":0.002999974647536874,"z":-0.000009933363799063955,"w":0.9999865293502808},"size":828.5521850585938,"orthographic":false}