{"cameraMode":{"drawMode":0,"name":"Shaded","section":"Shading Mode"},"sceneLighting":true,"audioPlay":false,"sceneViewState":{"m_AlwaysRefresh":false,"showFog":true,"showSkybox":true,"showFlares":true,"showImageEffects":true,"showParticleSystems":true,"showVisualEffectGraphs":true,"m_FxEnabled":true},"in2DMode":false,"pivot":{"x":1327.4912109375,"y":857.5512084960938,"z":47.590232849121097},"rotation":{"x":0.003000074066221714,"y":0.002999974647536874,"z":-0.000009933363799063955,"w":0.9999865293502808},"size":981.7958984375,"orthographic":false}