{"cameraMode":{"drawMode":0,"name":"Shaded","section":"Shading Mode"},"sceneLighting":true,"audioPlay":false,"sceneViewState":{"m_AlwaysRefresh":false,"showFog":true,"showSkybox":true,"showFlares":true,"showImageEffects":true,"showParticleSystems":true,"showVisualEffectGraphs":true,"m_FxEnabled":true},"in2DMode":false,"pivot":{"x":680.4263916015625,"y":246.27047729492188,"z":1694.8489990234375},"rotation":{"x":0.02099761925637722,"y":-0.008997823111712933,"z":0.00018798666133079678,"w":0.9997358322143555},"size":1278.8233642578125,"orthographic":false}