{"cameraMode":{"drawMode":0,"name":"Shaded","section":"Shading Mode"},"sceneLighting":true,"audioPlay":false,"sceneViewState":{"m_AlwaysRefresh":false,"showFog":true,"showSkybox":true,"showFlares":true,"showImageEffects":true,"showParticleSystems":true,"showVisualEffectGraphs":true,"m_FxEnabled":true},"in2DMode":false,"pivot":{"x":1433.0240478515625,"y":750.3929443359375,"z":-3.185365676879883},"rotation":{"x":-0.00449981726706028,"y":0.007499851752072573,"z":0.00003375274536665529,"w":0.9999592304229736},"size":846.866943359375,"orthographic":false}