{"cameraMode":{"drawMode":0,"name":"Shaded","section":"Shading Mode"},"sceneLighting":true,"audioPlay":false,"sceneViewState":{"m_AlwaysRefresh":false,"showFog":true,"showSkybox":true,"showFlares":true,"showImageEffects":true,"showParticleSystems":true,"showVisualEffectGraphs":true,"m_FxEnabled":true},"in2DMode":false,"pivot":{"x":2283.011962890625,"y":662.2407836914063,"z":-1.2201062440872193},"rotation":{"x":0.023997705429792405,"y":-0.0014995492529124022,"z":0.00003511784234433435,"w":0.9997062087059021},"size":1443.110107421875,"orthographic":false}